{"cameraMode":{"drawMode":0,"name":"Shaded","section":"Shading Mode"},"sceneLighting":true,"audioPlay":false,"sceneViewState":{"m_AlwaysRefresh":false,"showFog":true,"showSkybox":true,"showFlares":true,"showImageEffects":true,"showParticleSystems":true,"showVisualEffectGraphs":true,"m_FxEnabled":true},"in2DMode":false,"pivot":{"x":-0.06199713423848152,"y":0.6761252880096436,"z":0.23097068071365357},"rotation":{"x":-0.0014955094084143639,"y":-0.9884723424911499,"z":0.15122227370738984,"w":-0.009779239073395729},"size":0.6380153298377991,"orthographic":false}