{"cameraMode":{"drawMode":0,"name":"Shaded","section":"Shading Mode"},"sceneLighting":true,"audioPlay":false,"sceneViewState":{"m_AlwaysRefresh":false,"showFog":true,"showSkybox":true,"showFlares":true,"showImageEffects":true,"showParticleSystems":true,"showVisualEffectGraphs":true,"m_FxEnabled":true},"in2DMode":false,"pivot":{"x":-0.35093778371810915,"y":0.5254930853843689,"z":-0.41702497005462649},"rotation":{"x":-0.11555231362581253,"y":-0.0008968395995907486,"z":0.00010658282553777099,"w":-0.9933195114135742},"size":0.6187272667884827,"orthographic":false}