{"cameraMode":{"drawMode":0,"name":"Shaded","section":"Shading Mode"},"sceneLighting":true,"audioPlay":false,"sceneViewState":{"m_AlwaysRefresh":false,"showFog":true,"showSkybox":true,"showFlares":true,"showImageEffects":true,"showParticleSystems":true,"showVisualEffectGraphs":true,"m_FxEnabled":true},"in2DMode":false,"pivot":{"x":-0.05637570470571518,"y":1.574857234954834,"z":0.047102492302656177},"rotation":{"x":-0.01108543947339058,"y":-0.6911908984184265,"z":0.01055791787803173,"w":-0.7225517630577087},"size":5.150780200958252,"orthographic":false}