{"cameraMode":{"drawMode":0,"name":"Shaded","section":"Shading Mode"},"sceneLighting":true,"audioPlay":false,"sceneViewState":{"m_AlwaysRefresh":false,"showFog":true,"showSkybox":true,"showFlares":true,"showImageEffects":true,"showParticleSystems":true,"showVisualEffectGraphs":true,"m_FxEnabled":true},"in2DMode":false,"pivot":{"x":0.5733493566513062,"y":1.059367060661316,"z":1.0350295305252076},"rotation":{"x":0.07539453357458115,"y":0.8395373225212097,"z":-0.12071672827005387,"w":0.5243625640869141},"size":2.8290395736694338,"orthographic":false}