{"cameraMode":{"drawMode":0,"name":"Shaded","section":"Shading Mode"},"sceneLighting":false,"audioPlay":false,"sceneViewState":{"m_AlwaysRefresh":false,"showFog":false,"showSkybox":false,"showFlares":false,"showImageEffects":false,"showParticleSystems":false,"showVisualEffectGraphs":true,"m_FxEnabled":true},"in2DMode":false,"pivot":{"x":0.04464322328567505,"y":-0.006675991229712963,"z":-0.23285676538944245},"rotation":{"x":0.06564145535230637,"y":-0.009882126934826374,"z":-0.0006527288351207972,"w":-0.9978085160255432},"size":0.08602724224328995,"orthographic":false}